spec_id,method,weighted,agg_type,g,t,e,estimate,se,ci_lo,ci_hi
medicaid_table7,reg,False,group,2014,2014,0,-1.615437211944462,4.692655805327133,-10.812873582228447,7.5819991583395225
medicaid_table7,ipw,False,group,2014,2014,0,-0.8585625517498041,4.676146602589994,-10.023641479255526,8.306516375755917
medicaid_table7,dr,False,group,2014,2014,0,-1.2256473257435707,4.929634967142008,-10.978038710862725,8.526744059375583
medicaid_table7,reg,True,group,2014,2014,0,-3.4592200593870497,2.4221864125136148,-8.23974421556438,1.3213040967902816
medicaid_table7,ipw,True,group,2014,2014,0,-3.8416966844432756,3.3248171821576435,-10.358218616652206,2.674825247765654
medicaid_table7,dr,True,group,2014,2014,0,-3.756104598455008,3.1967410141440284,-10.02160185407935,2.509392657169335
