spec_id,method,weighted,agg_type,g,t,e,estimate,se,ci_lo,ci_hi
medicaid_table7,reg,FALSE,group,2014,2014,0,-1.6154372119444016,4.67897173697906,-10.786053301104173,7.55517887721537
medicaid_table7,ipw,FALSE,group,2014,2014,0,-0.8585625501055709,4.6116983874669,-9.897325297102135,8.180200196890993
medicaid_table7,dr,FALSE,group,2014,2014,0,-1.2256473242379582,4.942809205934113,-10.91337535032184,8.462080701845924
medicaid_table7,reg,TRUE,group,2014,2014,0,-3.4592200593870377,2.388022252115873,-8.139657667814376,1.2212175490403006
medicaid_table7,ipw,TRUE,group,2014,2014,0,-3.8416966845817067,3.394185515966917,-10.494178052724362,2.810784683560949
medicaid_table7,dr,TRUE,group,2014,2014,0,-3.7561045985447183,3.2401796834972387,-10.106740081637696,2.5945308845482584
